<?xml version="1.0" encoding="UTF-8" standalone="no"?><manifest xmlns="http://www.imsglobal.org/xsd/imscp_v1p1" xmlns:imsld="http://www.imsglobal.org/xsd/imsld_v1p0" xmlns:xsi="http://www.w3.org/2001/XMLSchema-instance" identifier="manifest-2e47eb84-3e40-4856-b85c-415809c66385" xsi:schemaLocation="http://www.imsglobal.org/xsd/imscp_v1p1 http://www.imsglobal.org/xsd/imscp_v1p1.xsd http://www.imsglobal.org/xsd/imsld_v1p0 http://www.imsglobal.org/xsd/IMS_LD_Level_A.xsd"><organizations><imsld:learning-design identifier="ld-4eb3a62f-9b5e-4958-8044-c3051fb26ffa" level="A" sequence-used="false" uri="http://www.coproline.org"><imsld:title>projet 1</imsld:title><imsld:learning-objectives><imsld:title>qhf wfhjf dfsdjh</imsld:title></imsld:learning-objectives><imsld:components><imsld:roles><imsld:learner identifier="role-5ccf0d02-6cc9-4d2f-8fcc-777e383ced01"><imsld:title>groupe1</imsld:title><imsld:learner identifier="role-a50abeda-a07b-48a2-9b43-67011cb8dd73"><imsld:title>anas anas</imsld:title></imsld:learner><imsld:learner identifier="role-792b59a0-60c6-4b8d-a7bb-d8365aa4a43b"><imsld:title>amin amin</imsld:title></imsld:learner></imsld:learner><imsld:learner identifier="role-3695b51f-28e0-4ea6-85ca-80d1acc57a36"><imsld:title>groupe2</imsld:title><imsld:learner identifier="role-0bcc40f8-362b-4375-b69e-2538238f3b2e"><imsld:title>hind hind</imsld:title></imsld:learner><imsld:learner identifier="role-8aab953f-ccbb-4fe0-9de0-ba3f508db049"><imsld:title>khawla khawla</imsld:title></imsld:learner></imsld:learner><imsld:staff identifier="role-44d87fd1-6721-4f82-9ac6-38912409ea05"><imsld:title>ahmed ahmed</imsld:title></imsld:staff></imsld:roles><imsld:environments><imsld:environment identifier="env-e8161ddc-7f40-4016-b8f9-66d50cc6ea85"><imsld:title>Coproline</imsld:title></imsld:environment></imsld:environments></imsld:components><imsld:method><imsld:play identifier="act-010d27de-2889-4947-97fb-858b453aaece" isvisible="true"><imsld:title>phase1</imsld:title><imsld:act identifier="rolepart-bfb3d144-2a52-4540-87a5-0cb47197155f"><imsld:title>tache1</imsld:title><imsld:role-part><imsld:title>sous tache 1</imsld:title><imsld:role-ref ref="role-09efe22f-3911-0c06-9396-537a08eafbe5"/><imsld:environment-ref ref="env-e8161ddc-7f40-4016-b8f9-66d50cc6ea85"/></imsld:role-part></imsld:act></imsld:play></imsld:method><imsld:method><imsld:play identifier="act-070ddada-046e-47a8-b7e8-9815cf62c9b1" isvisible="true"><imsld:title>phase2</imsld:title><imsld:act identifier="rolepart-4916442b-d0d5-4df6-9369-b06ca42365d5"><imsld:title>tache2</imsld:title><imsld:role-part><imsld:title>sous tache 2</imsld:title><imsld:role-ref ref="role-09efe22f-3911-0c06-9396-537a08eafbe5"/><imsld:environment-ref ref="env-e8161ddc-7f40-4016-b8f9-66d50cc6ea85"/></imsld:role-part></imsld:act></imsld:play></imsld:method><imsld:method><imsld:play identifier="act-010d27de-2889-4947-97fb-858b453aaece" isvisible="true"><imsld:title>phase1</imsld:title><imsld:act identifier="rolepart-b4abb64c-936a-46b1-84e6-e528337fa1df"><imsld:title>tache1</imsld:title><imsld:role-part><imsld:title>sous tache 1</imsld:title><imsld:role-ref ref="role-09efe22f-3911-0c06-9396-537a08eafbe5"/><imsld:environment-ref ref="env-e8161ddc-7f40-4016-b8f9-66d50cc6ea85"/></imsld:role-part></imsld:act></imsld:play></imsld:method><imsld:method><imsld:play identifier="act-070ddada-046e-47a8-b7e8-9815cf62c9b1" isvisible="true"><imsld:title>phase2</imsld:title><imsld:act identifier="rolepart-2c8462fe-00ac-4861-a05b-b84c5732e5cf"><imsld:title>tache2</imsld:title><imsld:role-part><imsld:title>sous tache 2</imsld:title><imsld:role-ref ref="role-09efe22f-3911-0c06-9396-537a08eafbe5"/><imsld:environment-ref ref="env-e8161ddc-7f40-4016-b8f9-66d50cc6ea85"/></imsld:role-part></imsld:act></imsld:play></imsld:method></imsld:learning-design></organizations><resources/></manifest>